PRAGMA foreign_keys=OFF;
BEGIN TRANSACTION;
CREATE TABLE IF NOT EXISTS "django_migrations" ("id" integer NOT NULL PRIMARY KEY AUTOINCREMENT, "app" varchar(255) NOT NULL, "name" varchar(255) NOT NULL, "applied" datetime NOT NULL);
INSERT INTO django_migrations VALUES(1,'contenttypes','0001_initial','2022-10-19 09:42:12.025692');
INSERT INTO django_migrations VALUES(2,'auth','0001_initial','2022-10-19 09:42:12.449626');
INSERT INTO django_migrations VALUES(3,'admin','0001_initial','2022-10-19 09:42:12.845624');
INSERT INTO django_migrations VALUES(4,'admin','0002_logentry_remove_auto_add','2022-10-19 09:42:13.035614');
INSERT INTO django_migrations VALUES(5,'admin','0003_logentry_add_action_flag_choices','2022-10-19 09:42:13.249816');
INSERT INTO django_migrations VALUES(6,'contenttypes','0002_remove_content_type_name','2022-10-19 09:42:13.465389');
INSERT INTO django_migrations VALUES(7,'auth','0002_alter_permission_name_max_length','2022-10-19 09:42:13.677013');
INSERT INTO django_migrations VALUES(8,'auth','0003_alter_user_email_max_length','2022-10-19 09:42:13.868181');
INSERT INTO django_migrations VALUES(9,'auth','0004_alter_user_username_opts','2022-10-19 09:42:14.074938');
INSERT INTO django_migrations VALUES(10,'auth','0005_alter_user_last_login_null','2022-10-19 09:42:14.276588');
INSERT INTO django_migrations VALUES(11,'auth','0006_require_contenttypes_0002','2022-10-19 09:42:14.485772');
INSERT INTO django_migrations VALUES(12,'auth','0007_alter_validators_add_error_messages','2022-10-19 09:42:14.697494');
INSERT INTO django_migrations VALUES(13,'auth','0008_alter_user_username_max_length','2022-10-19 09:42:14.891997');
INSERT INTO django_migrations VALUES(14,'auth','0009_alter_user_last_name_max_length','2022-10-19 09:42:15.094074');
INSERT INTO django_migrations VALUES(15,'auth','0010_alter_group_name_max_length','2022-10-19 09:42:15.290158');
INSERT INTO django_migrations VALUES(16,'auth','0011_update_proxy_permissions','2022-10-19 09:42:15.504691');
INSERT INTO django_migrations VALUES(17,'auth','0012_alter_user_first_name_max_length','2022-10-19 09:42:15.716612');
INSERT INTO django_migrations VALUES(18,'comparison','0001_initial','2022-10-19 09:42:16.014180');
INSERT INTO django_migrations VALUES(19,'sessions','0001_initial','2022-10-19 09:42:16.433971');
INSERT INTO django_migrations VALUES(20,'comparison','0002_alter_location_unique_together','2022-10-19 17:23:36.473129');
CREATE TABLE IF NOT EXISTS "auth_group_permissions" ("id" integer NOT NULL PRIMARY KEY AUTOINCREMENT, "group_id" integer NOT NULL REFERENCES "auth_group" ("id") DEFERRABLE INITIALLY DEFERRED, "permission_id" integer NOT NULL REFERENCES "auth_permission" ("id") DEFERRABLE INITIALLY DEFERRED);
CREATE TABLE IF NOT EXISTS "auth_user_groups" ("id" integer NOT NULL PRIMARY KEY AUTOINCREMENT, "user_id" integer NOT NULL REFERENCES "auth_user" ("id") DEFERRABLE INITIALLY DEFERRED, "group_id" integer NOT NULL REFERENCES "auth_group" ("id") DEFERRABLE INITIALLY DEFERRED);
CREATE TABLE IF NOT EXISTS "auth_user_user_permissions" ("id" integer NOT NULL PRIMARY KEY AUTOINCREMENT, "user_id" integer NOT NULL REFERENCES "auth_user" ("id") DEFERRABLE INITIALLY DEFERRED, "permission_id" integer NOT NULL REFERENCES "auth_permission" ("id") DEFERRABLE INITIALLY DEFERRED);
CREATE TABLE IF NOT EXISTS "django_admin_log" ("id" integer NOT NULL PRIMARY KEY AUTOINCREMENT, "object_id" text NULL, "object_repr" varchar(200) NOT NULL, "action_flag" smallint unsigned NOT NULL CHECK ("action_flag" >= 0), "change_message" text NOT NULL, "content_type_id" integer NULL REFERENCES "django_content_type" ("id") DEFERRABLE INITIALLY DEFERRED, "user_id" integer NOT NULL REFERENCES "auth_user" ("id") DEFERRABLE INITIALLY DEFERRED, "action_time" datetime NOT NULL);
INSERT INTO django_admin_log VALUES(1,'2','tbgracy',1,'[{"added": {}}]',10,1,'2022-10-20 18:50:59.871544');
INSERT INTO django_admin_log VALUES(2,'1','PPN',1,'[{"added": {}}]',2,1,'2022-10-20 18:52:10.412059');
INSERT INTO django_admin_log VALUES(3,'2','Mode',1,'[{"added": {}}]',2,1,'2022-10-20 18:52:21.482798');
INSERT INTO django_admin_log VALUES(4,'1','Savon Nosy B (PPN)',1,'[{"added": {}}]',3,1,'2022-10-20 18:53:38.651362');
INSERT INTO django_admin_log VALUES(5,'2','Vinaigre 1L (PPN)',1,'[{"added": {}}]',3,1,'2022-10-20 18:55:36.017644');
INSERT INTO django_admin_log VALUES(6,'3','Huile Soja Hina 1L (PPN)',1,'[{"added": {}}]',3,1,'2022-10-20 18:55:57.476848');
INSERT INTO django_admin_log VALUES(7,'1','lat : 32.0, long: 43.0',1,'[{"added": {}}]',4,1,'2022-10-20 18:56:53.170963');
INSERT INTO django_admin_log VALUES(8,'1','ShopLiantsoa (Tarasaotra)',1,'[{"added": {}}]',5,1,'2022-10-20 18:56:58.519415');
INSERT INTO django_admin_log VALUES(9,'1','Savon Nosy B: 2000.0 Ar at ShopLiantsoa',1,'[{"added": {}}]',6,1,'2022-10-20 18:57:01.648408');
INSERT INTO django_admin_log VALUES(10,'2','lat : 43.0, long: 344.0',1,'[{"added": {}}]',4,1,'2022-10-20 18:58:08.807429');
INSERT INTO django_admin_log VALUES(11,'2','Epicérie Noro (Vatofotsy)',1,'[{"added": {}}]',5,1,'2022-10-20 18:58:12.165448');
INSERT INTO django_admin_log VALUES(12,'2','Savon Nosy B: 2400.0 Ar at Epicérie Noro',1,'[{"added": {}}]',6,1,'2022-10-20 18:58:14.263838');
CREATE TABLE IF NOT EXISTS "django_content_type" ("id" integer NOT NULL PRIMARY KEY AUTOINCREMENT, "app_label" varchar(100) NOT NULL, "model" varchar(100) NOT NULL);
INSERT INTO django_content_type VALUES(1,'comparison','userprofile');
INSERT INTO django_content_type VALUES(2,'comparison','category');
INSERT INTO django_content_type VALUES(3,'comparison','product');
INSERT INTO django_content_type VALUES(4,'comparison','location');
INSERT INTO django_content_type VALUES(5,'comparison','store');
INSERT INTO django_content_type VALUES(6,'comparison','price');
INSERT INTO django_content_type VALUES(7,'admin','logentry');
INSERT INTO django_content_type VALUES(8,'auth','permission');
INSERT INTO django_content_type VALUES(9,'auth','group');
INSERT INTO django_content_type VALUES(10,'auth','user');
INSERT INTO django_content_type VALUES(11,'contenttypes','contenttype');
INSERT INTO django_content_type VALUES(12,'sessions','session');
CREATE TABLE IF NOT EXISTS "auth_permission" ("id" integer NOT NULL PRIMARY KEY AUTOINCREMENT, "content_type_id" integer NOT NULL REFERENCES "django_content_type" ("id") DEFERRABLE INITIALLY DEFERRED, "codename" varchar(100) NOT NULL, "name" varchar(255) NOT NULL);
INSERT INTO auth_permission VALUES(1,1,'add_userprofile','Can add user profile');
INSERT INTO auth_permission VALUES(2,1,'change_userprofile','Can change user profile');
INSERT INTO auth_permission VALUES(3,1,'delete_userprofile','Can delete user profile');
INSERT INTO auth_permission VALUES(4,1,'view_userprofile','Can view user profile');
INSERT INTO auth_permission VALUES(5,2,'add_category','Can add category');
INSERT INTO auth_permission VALUES(6,2,'change_category','Can change category');
INSERT INTO auth_permission VALUES(7,2,'delete_category','Can delete category');
INSERT INTO auth_permission VALUES(8,2,'view_category','Can view category');
INSERT INTO auth_permission VALUES(9,3,'add_product','Can add product');
INSERT INTO auth_permission VALUES(10,3,'change_product','Can change product');
INSERT INTO auth_permission VALUES(11,3,'delete_product','Can delete product');
INSERT INTO auth_permission VALUES(12,3,'view_product','Can view product');
INSERT INTO auth_permission VALUES(13,4,'add_location','Can add location');
INSERT INTO auth_permission VALUES(14,4,'change_location','Can change location');
INSERT INTO auth_permission VALUES(15,4,'delete_location','Can delete location');
INSERT INTO auth_permission VALUES(16,4,'view_location','Can view location');
INSERT INTO auth_permission VALUES(17,5,'add_store','Can add store');
INSERT INTO auth_permission VALUES(18,5,'change_store','Can change store');
INSERT INTO auth_permission VALUES(19,5,'delete_store','Can delete store');
INSERT INTO auth_permission VALUES(20,5,'view_store','Can view store');
INSERT INTO auth_permission VALUES(21,6,'add_price','Can add price');
INSERT INTO auth_permission VALUES(22,6,'change_price','Can change price');
INSERT INTO auth_permission VALUES(23,6,'delete_price','Can delete price');
INSERT INTO auth_permission VALUES(24,6,'view_price','Can view price');
INSERT INTO auth_permission VALUES(25,7,'add_logentry','Can add log entry');
INSERT INTO auth_permission VALUES(26,7,'change_logentry','Can change log entry');
INSERT INTO auth_permission VALUES(27,7,'delete_logentry','Can delete log entry');
INSERT INTO auth_permission VALUES(28,7,'view_logentry','Can view log entry');
INSERT INTO auth_permission VALUES(29,8,'add_permission','Can add permission');
INSERT INTO auth_permission VALUES(30,8,'change_permission','Can change permission');
INSERT INTO auth_permission VALUES(31,8,'delete_permission','Can delete permission');
INSERT INTO auth_permission VALUES(32,8,'view_permission','Can view permission');
INSERT INTO auth_permission VALUES(33,9,'add_group','Can add group');
INSERT INTO auth_permission VALUES(34,9,'change_group','Can change group');
INSERT INTO auth_permission VALUES(35,9,'delete_group','Can delete group');
INSERT INTO auth_permission VALUES(36,9,'view_group','Can view group');
INSERT INTO auth_permission VALUES(37,10,'add_user','Can add user');
INSERT INTO auth_permission VALUES(38,10,'change_user','Can change user');
INSERT INTO auth_permission VALUES(39,10,'delete_user','Can delete user');
INSERT INTO auth_permission VALUES(40,10,'view_user','Can view user');
INSERT INTO auth_permission VALUES(41,11,'add_contenttype','Can add content type');
INSERT INTO auth_permission VALUES(42,11,'change_contenttype','Can change content type');
INSERT INTO auth_permission VALUES(43,11,'delete_contenttype','Can delete content type');
INSERT INTO auth_permission VALUES(44,11,'view_contenttype','Can view content type');
INSERT INTO auth_permission VALUES(45,12,'add_session','Can add session');
INSERT INTO auth_permission VALUES(46,12,'change_session','Can change session');
INSERT INTO auth_permission VALUES(47,12,'delete_session','Can delete session');
INSERT INTO auth_permission VALUES(48,12,'view_session','Can view session');
CREATE TABLE IF NOT EXISTS "auth_group" ("id" integer NOT NULL PRIMARY KEY AUTOINCREMENT, "name" varchar(150) NOT NULL UNIQUE);
CREATE TABLE IF NOT EXISTS "auth_user" ("id" integer NOT NULL PRIMARY KEY AUTOINCREMENT, "password" varchar(128) NOT NULL, "last_login" datetime NULL, "is_superuser" bool NOT NULL, "username" varchar(150) NOT NULL UNIQUE, "last_name" varchar(150) NOT NULL, "email" varchar(254) NOT NULL, "is_staff" bool NOT NULL, "is_active" bool NOT NULL, "date_joined" datetime NOT NULL, "first_name" varchar(150) NOT NULL);
INSERT INTO auth_user VALUES(1,'pbkdf2_sha256$390000$5vo2bwWhavCSjUyfyPsOSs$2nNvnOe0X/RopSHmYeiWkHZ2iDDTu2N/SeCpmyj1kaA=','2022-10-20 18:50:32.314899',1,'admin','','',1,1,'2022-10-20 18:50:28.585789','');
INSERT INTO auth_user VALUES(2,'pbkdf2_sha256$390000$TCz3gMJdhMsIoqGDxGFr9P$CsxLduyfSJtfPOAidAqOjRHT6/I5W9zA9BA6uOAAhy0=',NULL,0,'tbgracy','','',0,1,'2022-10-20 18:50:59.607056','');
CREATE TABLE IF NOT EXISTS "comparison_category" ("id" integer NOT NULL PRIMARY KEY AUTOINCREMENT, "name" varchar(200) NOT NULL);
INSERT INTO comparison_category VALUES(1,'PPN');
INSERT INTO comparison_category VALUES(2,'Mode');
CREATE TABLE IF NOT EXISTS "comparison_location" ("id" integer NOT NULL PRIMARY KEY AUTOINCREMENT, "longitude" real NOT NULL, "latitude" real NOT NULL);
INSERT INTO comparison_location VALUES(1,32.0,43.000000000000000001);
INSERT INTO comparison_location VALUES(2,43.000000000000000001,344.0);
CREATE TABLE IF NOT EXISTS "comparison_product" ("id" integer NOT NULL PRIMARY KEY AUTOINCREMENT, "name" varchar(200) NOT NULL, "image" varchar(100) NOT NULL, "category_id" bigint NOT NULL REFERENCES "comparison_category" ("id") DEFERRABLE INITIALLY DEFERRED, "moderator_id" integer NOT NULL REFERENCES "auth_user" ("id") DEFERRABLE INITIALLY DEFERRED);
INSERT INTO comparison_product VALUES(1,'Savon Nosy B','images/download.jpeg',1,2);
INSERT INTO comparison_product VALUES(2,'Vinaigre 1L','images/vinaigre-blanc-taf.jpg',1,2);
INSERT INTO comparison_product VALUES(3,'Huile Soja Hina 1L','images/huile-de-soja-hina-1l.jpg',1,2);
CREATE TABLE IF NOT EXISTS "comparison_userprofile" ("id" integer NOT NULL PRIMARY KEY AUTOINCREMENT, "verified" bool NOT NULL, "premium" bool NOT NULL, "user_id" integer NOT NULL UNIQUE REFERENCES "auth_user" ("id") DEFERRABLE INITIALLY DEFERRED);
CREATE TABLE IF NOT EXISTS "comparison_store" ("id" integer NOT NULL PRIMARY KEY AUTOINCREMENT, "name" varchar(200) NOT NULL, "address" varchar(200) NOT NULL, "location_id" bigint NOT NULL UNIQUE REFERENCES "comparison_location" ("id") DEFERRABLE INITIALLY DEFERRED);
INSERT INTO comparison_store VALUES(1,'ShopLiantsoa','Tarasaotra',1);
INSERT INTO comparison_store VALUES(2,'Epicérie Noro','Vatofotsy',2);
CREATE TABLE IF NOT EXISTS "comparison_price" ("id" integer NOT NULL PRIMARY KEY AUTOINCREMENT, "value" real NOT NULL, "product_id" bigint NOT NULL REFERENCES "comparison_product" ("id") DEFERRABLE INITIALLY DEFERRED, "store_id" bigint NOT NULL REFERENCES "comparison_store" ("id") DEFERRABLE INITIALLY DEFERRED);
INSERT INTO comparison_price VALUES(1,2000.0,1,1);
INSERT INTO comparison_price VALUES(2,2400.0,1,2);
CREATE TABLE IF NOT EXISTS "django_session" ("session_key" varchar(40) NOT NULL PRIMARY KEY, "session_data" text NOT NULL, "expire_date" datetime NOT NULL);
INSERT INTO django_session VALUES('bfrqplf09e7gkh2uxc0w42cxyazseg76','.eJxVjDsOwjAQBe_iGlm7_puSnjNY609wANlSnFSIu0OkFNC-mXkvFmhba9hGWcKc2ZkhO_1ukdKjtB3kO7Vb56m3dZkj3xV-0MGvPZfn5XD_DiqN-q1lBDJKWUdgIVER0TsLxrlJCUdaCwTKSGoiWcB5VMpEjWh1LigBPXt_AL-GNps:1olaci:3OxOPkhB1_cld4AWhh33RaLi9qroxvsBi6xq3r-DyY8','2022-11-03 18:50:32.533609');
DELETE FROM sqlite_sequence;
INSERT INTO sqlite_sequence VALUES('django_migrations',20);
INSERT INTO sqlite_sequence VALUES('django_admin_log',12);
INSERT INTO sqlite_sequence VALUES('django_content_type',12);
INSERT INTO sqlite_sequence VALUES('auth_permission',48);
INSERT INTO sqlite_sequence VALUES('auth_group',0);
INSERT INTO sqlite_sequence VALUES('auth_user',2);
INSERT INTO sqlite_sequence VALUES('comparison_price',2);
INSERT INTO sqlite_sequence VALUES('comparison_category',2);
INSERT INTO sqlite_sequence VALUES('comparison_product',3);
INSERT INTO sqlite_sequence VALUES('comparison_location',2);
INSERT INTO sqlite_sequence VALUES('comparison_store',2);
CREATE UNIQUE INDEX "auth_group_permissions_group_id_permission_id_0cd325b0_uniq" ON "auth_group_permissions" ("group_id", "permission_id");
CREATE INDEX "auth_group_permissions_group_id_b120cbf9" ON "auth_group_permissions" ("group_id");
CREATE INDEX "auth_group_permissions_permission_id_84c5c92e" ON "auth_group_permissions" ("permission_id");
CREATE UNIQUE INDEX "auth_user_groups_user_id_group_id_94350c0c_uniq" ON "auth_user_groups" ("user_id", "group_id");
CREATE INDEX "auth_user_groups_user_id_6a12ed8b" ON "auth_user_groups" ("user_id");
CREATE INDEX "auth_user_groups_group_id_97559544" ON "auth_user_groups" ("group_id");
CREATE UNIQUE INDEX "auth_user_user_permissions_user_id_permission_id_14a6b632_uniq" ON "auth_user_user_permissions" ("user_id", "permission_id");
CREATE INDEX "auth_user_user_permissions_user_id_a95ead1b" ON "auth_user_user_permissions" ("user_id");
CREATE INDEX "auth_user_user_permissions_permission_id_1fbb5f2c" ON "auth_user_user_permissions" ("permission_id");
CREATE INDEX "django_admin_log_content_type_id_c4bce8eb" ON "django_admin_log" ("content_type_id");
CREATE INDEX "django_admin_log_user_id_c564eba6" ON "django_admin_log" ("user_id");
CREATE UNIQUE INDEX "django_content_type_app_label_model_76bd3d3b_uniq" ON "django_content_type" ("app_label", "model");
CREATE UNIQUE INDEX "auth_permission_content_type_id_codename_01ab375a_uniq" ON "auth_permission" ("content_type_id", "codename");
CREATE INDEX "auth_permission_content_type_id_2f476e4b" ON "auth_permission" ("content_type_id");
CREATE INDEX "comparison_product_category_id_5cb3f3d8" ON "comparison_product" ("category_id");
CREATE INDEX "comparison_product_moderator_id_d88ed40f" ON "comparison_product" ("moderator_id");
CREATE INDEX "comparison_price_product_id_730eb97a" ON "comparison_price" ("product_id");
CREATE INDEX "comparison_price_store_id_009ce383" ON "comparison_price" ("store_id");
CREATE INDEX "django_session_expire_date_a5c62663" ON "django_session" ("expire_date");
CREATE UNIQUE INDEX "comparison_location_longitude_latitude_cc82ac1d_uniq" ON "comparison_location" ("longitude", "latitude");
COMMIT;
